Specias;Sex;ID;Area;Mean;Min;Max;X;Y
Ji;m;Ji_1_m;0;173;173;173;1617;411
Ji;m;Ji_1_m;0;170;170;170;1632;576
Ji;m;Ji_1_m;0;173;173;173;1629;693
Ji;m;Ji_1_m;0;173;173;173;1629;756
Ji;m;Ji_1_m;0;173;173;173;1626;834
Ji;m;Ji_1_m;0;173;173;173;1620;897
Ji;m;Ji_1_m;0;173;173;173;1617;960
Ji;m;Ji_1_m;0;173;173;173;1617;1017
Ji;m;Ji_1_m;0;173;173;173;1614;1083
Ji;m;Ji_1_m;0;173;173;173;1593;1422
Ji;m;Ji_1_m;0;173;173;173;1353;1218
Ji;m;Ji_1_m;0;173;173;173;1326;1125
Ji;m;Ji_1_m;0;173;173;173;1353;969
Ji;m;Ji_1_m;0;173;173;173;1353;903
Ji;m;Ji_1_m;0;173;173;173;1371;852
Ji;m;Ji_1_m;0;173;173;173;1368;792
Ji;m;Ji_1_m;0;173;173;173;1383;717
Ji;m;Ji_1_m;0;173;173;173;1389;606
Ji;m;Ji_1_m;0;173;173;173;1470;513
Ji;m;Ji_1_m;0;173;173;173;1761;507
Ji;m;Ji_1_m;0;173;173;173;1839;597
Ji;m;Ji_1_m;0;173;173;173;1842;708
Ji;m;Ji_1_m;0;173;173;173;1863;771
Ji;m;Ji_1_m;0;173;173;173;1857;882
Ji;m;Ji_1_m;0;173;173;173;1851;939
Ji;m;Ji_1_m;0;173;173;173;1821;1011
Ji;m;Ji_1_m;0;173;173;173;1863;1152
Ji;m;Ji_1_m;0;173;173;173;1812;1248
Ji;f;Ji_1_f;0;173;173;173;582;1560
Ji;f;Ji_1_f;0;173;173;173;633;1293
Ji;f;Ji_1_f;0;173;173;173;630;1182
Ji;f;Ji_1_f;0;173;173;173;642;1080
Ji;f;Ji_1_f;0;173;173;173;654;936
Ji;f;Ji_1_f;0;173;173;173;660;789
Ji;f;Ji_1_f;0;173;173;173;675;711
Ji;f;Ji_1_f;0;173;173;173;681;606
Ji;f;Ji_1_f;0;173;173;173;690;504
Ji;f;Ji_1_f;0;173;173;173;726;111
Ji;f;Ji_1_f;0;173;173;173;474;312
Ji;f;Ji_1_f;0;173;173;173;348;432
Ji;f;Ji_1_f;0;173;173;173;318;573
Ji;f;Ji_1_f;0;173;173;173;315;699
Ji;f;Ji_1_f;0;173;173;173;267;774
Ji;f;Ji_1_f;0;173;173;173;255;933
Ji;f;Ji_1_f;0;173;173;173;252;1116
Ji;f;Ji_1_f;0;173;173;173;306;1272
Ji;f;Ji_1_f;0;173;173;173;426;1410
Ji;f;Ji_1_f;0;173;173;173;762;1413
Ji;f;Ji_1_f;0;173;173;173;870;1341
Ji;f;Ji_1_f;0;173;173;173;984;1197
Ji;f;Ji_1_f;0;173;173;173;999;1041
Ji;f;Ji_1_f;0;173;173;173;999;885
Ji;f;Ji_1_f;0;173;173;173;1002;738
Ji;f;Ji_1_f;0;173;173;173;993;627
Ji;f;Ji_1_f;0;173;173;173;990;480
Ji;f;Ji_1_f;0;173;173;173;960;372
Ji;f;Ji_2_f;0;173;173;173;813;1560
Ji;f;Ji_2_f;0;173;173;173;849;1419
Ji;f;Ji_2_f;0;173;173;173;858;1284
Ji;f;Ji_2_f;0;173;173;173;864;1125
Ji;f;Ji_2_f;0;173;173;173;876;945
Ji;f;Ji_2_f;0;173;173;173;879;822
Ji;f;Ji_2_f;0;173;173;173;891;726
Ji;f;Ji_2_f;0;173;173;173;894;645
Ji;f;Ji_2_f;0;173;173;173;897;531
Ji;f;Ji_2_f;0;173;173;173;921;144
Ji;f;Ji_2_f;0;173;173;173;627;306
Ji;f;Ji_2_f;0;173;173;173;573;402
Ji;f;Ji_2_f;0;173;173;173;528;579
Ji;f;Ji_2_f;0;173;173;173;525;696
Ji;f;Ji_2_f;0;173;173;173;513;822
Ji;f;Ji_2_f;0;173;173;173;468;975
Ji;f;Ji_2_f;0;173;173;173;474;1170
Ji;f;Ji_2_f;0;173;173;173;540;1335
Ji;f;Ji_2_f;0;173;173;173;645;1452
Ji;f;Ji_2_f;0;173;173;173;987;1473
Ji;f;Ji_2_f;0;173;173;173;1128;1383
Ji;f;Ji_2_f;0;173;173;173;1197;1206
Ji;f;Ji_2_f;0;173;173;173;1236;1020
Ji;f;Ji_2_f;0;173;173;173;1242;900
Ji;f;Ji_2_f;0;173;173;173;1245;738
Ji;f;Ji_2_f;0;173;173;173;1245;639
Ji;f;Ji_2_f;0;173;173;173;1230;486
Ji;f;Ji_2_f;0;173;173;173;1167;360
Ji;m;Ji_2_m;0;173;173;173;1950;651
Ji;m;Ji_2_m;0;170;170;170;1959;762
Ji;m;Ji_2_m;0;173;173;173;1953;864
Ji;m;Ji_2_m;0;173;173;173;1956;933
Ji;m;Ji_2_m;0;173;173;173;1953;993
Ji;m;Ji_2_m;0;173;173;173;1947;1062
Ji;m;Ji_2_m;0;173;173;173;1944;1122
Ji;m;Ji_2_m;0;173;173;173;1941;1176
Ji;m;Ji_2_m;0;173;173;173;1932;1236
Ji;m;Ji_2_m;0;173;173;173;1938;1503
Ji;m;Ji_2_m;0;173;173;173;1707;1323
Ji;m;Ji_2_m;0;173;173;173;1686;1239
Ji;m;Ji_2_m;0;173;173;173;1683;1143
Ji;m;Ji_2_m;0;173;173;173;1689;1071
Ji;m;Ji_2_m;0;173;173;173;1710;1002
Ji;m;Ji_2_m;0;173;173;173;1698;945
Ji;m;Ji_2_m;0;173;173;173;1719;858
Ji;m;Ji_2_m;0;173;173;173;1746;786
Ji;m;Ji_2_m;0;173;173;173;1818;723
Ji;m;Ji_2_m;0;173;173;173;2082;735
Ji;m;Ji_2_m;0;173;173;173;2139;816
Ji;m;Ji_2_m;0;173;173;173;2160;891
Ji;m;Ji_2_m;0;173;173;173;2178;972
Ji;m;Ji_2_m;0;173;173;173;2178;1029
Ji;m;Ji_2_m;0;173;173;173;2184;1092
Ji;m;Ji_2_m;0;173;173;173;2184;1164
Ji;m;Ji_2_m;0;173;173;173;2172;1269
Ji;m;Ji_2_m;0;173;173;173;2130;1356
Ji;f;Ji_3_f;0;173;173;173;870;1632
Ji;f;Ji_3_f;0;173;173;173;876;1494
Ji;f;Ji_3_f;0;173;173;173;915;1302
Ji;f;Ji_3_f;0;173;173;173;927;1155
Ji;f;Ji_3_f;0;173;173;173;939;993
Ji;f;Ji_3_f;0;173;173;173;945;855
Ji;f;Ji_3_f;0;173;173;173;945;765
Ji;f;Ji_3_f;0;173;173;173;945;660
Ji;f;Ji_3_f;0;173;173;173;939;576
Ji;f;Ji_3_f;0;173;173;173;993;156
Ji;f;Ji_3_f;0;173;173;173;693;390
Ji;f;Ji_3_f;0;173;173;173;621;486
Ji;f;Ji_3_f;0;173;173;173;576;657
Ji;f;Ji_3_f;0;173;173;173;573;789
Ji;f;Ji_3_f;0;173;173;173;543;897
Ji;f;Ji_3_f;0;173;173;173;513;1035
Ji;f;Ji_3_f;0;173;173;173;534;1218
Ji;f;Ji_3_f;0;173;173;173;603;1383
Ji;f;Ji_3_f;0;173;173;173;705;1500
Ji;f;Ji_3_f;0;173;173;173;1038;1518
Ji;f;Ji_3_f;0;173;173;173;1146;1416
Ji;f;Ji_3_f;0;173;173;173;1221;1254
Ji;f;Ji_3_f;0;173;173;173;1263;1056
Ji;f;Ji_3_f;0;173;173;173;1266;906
Ji;f;Ji_3_f;0;173;173;173;1266;813
Ji;f;Ji_3_f;0;173;173;173;1284;696
Ji;f;Ji_3_f;0;173;173;173;1269;534
Ji;f;Ji_3_f;0;173;173;173;1230;441
Ji;m;Ji_3_m;0;173;173;173;1894.667;598.667
Ji;m;Ji_3_m;0;170;170;170;1934.667;760
Ji;m;Ji_3_m;0;173;173;173;1936;822.667
Ji;m;Ji_3_m;0;173;173;173;1933.333;880
Ji;m;Ji_3_m;0;173;173;173;1929.333;937.333
Ji;m;Ji_3_m;0;173;173;173;1933.333;982.667
Ji;m;Ji_3_m;0;173;173;173;1930.667;1049.333
Ji;m;Ji_3_m;0;173;173;173;1929.333;1120
Ji;m;Ji_3_m;0;173;173;173;1930.667;1193.333
Ji;m;Ji_3_m;0;173;173;173;1910.667;1427.667
Ji;m;Ji_3_m;0;173;173;173;1724;1243.667
Ji;m;Ji_3_m;0;173;173;173;1706.667;1193
Ji;m;Ji_3_m;0;173;173;173;1713.333;1085
Ji;m;Ji_3_m;0;173;173;173;1720;1009
Ji;m;Ji_3_m;0;173;173;173;1725.333;959.667
Ji;m;Ji_3_m;0;173;173;173;1728;903.667
Ji;m;Ji_3_m;0;173;173;173;1725.333;837
Ji;m;Ji_3_m;0;173;173;173;1738.667;751.333
Ji;m;Ji_3_m;0;173;173;173;1796;687.333
Ji;m;Ji_3_m;0;173;173;173;1996;686
Ji;m;Ji_3_m;0;173;173;173;2080;762
Ji;m;Ji_3_m;0;173;173;173;2096;843.333
Ji;m;Ji_3_m;0;173;173;173;2098.667;896.667
Ji;m;Ji_3_m;0;173;173;173;2102.667;948.667
Ji;m;Ji_3_m;0;173;173;173;2109.333;1010
Ji;m;Ji_3_m;0;173;173;173;2118.667;1091.333
Ji;m;Ji_3_m;0;173;173;173;2118.667;1183.333
Ji;m;Ji_3_m;0;173;173;173;2100;1266
Ji;f;Ji_4_f;0;173;173;173;846.333;1773.667
Ji;f;Ji_4_f;0;173;173;173;855.667;1643
Ji;f;Ji_4_f;0;173;173;173;887.667;1433.667
Ji;f;Ji_4_f;0;173;173;173;897;1289.667
Ji;f;Ji_4_f;0;173;173;173;906.333;1129.667
Ji;f;Ji_4_f;0;173;173;173;913;965
Ji;f;Ji_4_f;0;173;173;173;921;879.667
Ji;f;Ji_4_f;0;173;173;173;929;774.333
Ji;f;Ji_4_f;0;173;173;173;937;674.333
Ji;f;Ji_4_f;0;173;173;173;967.667;242.333
Ji;f;Ji_4_f;0;173;173;173;613;527.333
Ji;f;Ji_4_f;0;173;173;173;605;594
Ji;f;Ji_4_f;0;173;173;173;567.667;734
Ji;f;Ji_4_f;0;173;173;173;550.333;865.333
Ji;f;Ji_4_f;0;173;173;173;518.333;981.333
Ji;f;Ji_4_f;0;173;173;173;503.667;1140.667
Ji;f;Ji_4_f;0;173;173;173;523.667;1333.333
Ji;f;Ji_4_f;0;173;173;173;571.667;1498.667
Ji;f;Ji_4_f;0;173;173;173;682.333;1638
Ji;f;Ji_4_f;0;173;173;173;1023.667;1671.333
Ji;f;Ji_4_f;0;173;173;173;1155.667;1559.333
Ji;f;Ji_4_f;0;173;173;173;1235.667;1394
Ji;f;Ji_4_f;0;173;173;173;1262.333;1217.333
Ji;f;Ji_4_f;0;173;173;173;1298.333;1070
Ji;f;Ji_4_f;0;173;173;173;1273;950
Ji;f;Ji_4_f;0;173;173;173;1289;828.667
Ji;f;Ji_4_f;0;173;173;173;1286.333;674
Ji;f;Ji_4_f;0;173;173;173;1245;538
Ji;m;Ji_4_m;0;173;173;173;1965;532
Ji;m;Ji_4_m;0;170;170;170;1980;709
Ji;m;Ji_4_m;0;173;173;173;1972;790
Ji;m;Ji_4_m;0;173;173;173;1966;861
Ji;m;Ji_4_m;0;173;173;173;1961;939
Ji;m;Ji_4_m;0;173;173;173;1954;1011
Ji;m;Ji_4_m;0;173;173;173;1952;1074
Ji;m;Ji_4_m;0;173;173;173;1950;1138
Ji;m;Ji_4_m;0;173;173;173;1943;1206
Ji;m;Ji_4_m;0;173;173;173;1914;1522
Ji;m;Ji_4_m;0;173;173;173;1695;1332
Ji;m;Ji_4_m;0;173;173;173;1665;1214
Ji;m;Ji_4_m;0;173;173;173;1672;1078
Ji;m;Ji_4_m;0;173;173;173;1677;1005
Ji;m;Ji_4_m;0;173;173;173;1699;946
Ji;m;Ji_4_m;0;173;173;173;1708;878
Ji;m;Ji_4_m;0;173;173;173;1712;800
Ji;m;Ji_4_m;0;173;173;173;1737;690
Ji;m;Ji_4_m;0;173;173;173;1826;620
Ji;m;Ji_4_m;0;173;173;173;2095;611
Ji;m;Ji_4_m;0;173;173;173;2162;723
Ji;m;Ji_4_m;0;173;173;173;2186;814
Ji;m;Ji_4_m;0;173;173;173;2195;903
Ji;m;Ji_4_m;0;173;173;173;2187;987
Ji;m;Ji_4_m;0;173;173;173;2209;1045
Ji;m;Ji_4_m;0;173;173;173;2209;1114
Ji;m;Ji_4_m;0;173;173;173;2187;1264
Ji;m;Ji_4_m;0;173;173;173;2147;1338
Ji;f;Ji_5_f;0;173;173;173;669;1737
Ji;f;Ji_5_f;0;173;173;173;720;1572
Ji;f;Ji_5_f;0;173;173;173;750;1434
Ji;f;Ji_5_f;0;173;173;173;789;1290
Ji;f;Ji_5_f;0;173;173;173;822;1110
Ji;f;Ji_5_f;0;173;173;173;852;939
Ji;f;Ji_5_f;0;173;173;173;882;849
Ji;f;Ji_5_f;0;173;173;173;894.667;740
Ji;f;Ji_5_f;0;173;173;173;909.333;653.333
Ji;f;Ji_5_f;0;173;173;173;989.333;241.667
Ji;f;Ji_5_f;0;173;173;173;604;424.333
Ji;f;Ji_5_f;0;173;173;173;561.333;508.333
Ji;f;Ji_5_f;0;173;173;173;516;688.333
Ji;f;Ji_5_f;0;173;173;173;526.667;815.333
Ji;f;Ji_5_f;0;173;173;173;454.667;907.333
Ji;f;Ji_5_f;0;173;173;173;418.667;1081.667
Ji;f;Ji_5_f;0;173;173;173;406.667;1284.667
Ji;f;Ji_5_f;0;173;173;173;461.333;1476.667
Ji;f;Ji_5_f;0;173;173;173;538.667;1602.333
Ji;f;Ji_5_f;0;173;173;173;841.333;1669
Ji;f;Ji_5_f;0;173;173;173;1020;1543.667
Ji;f;Ji_5_f;0;173;173;173;1122.667;1414.333
Ji;f;Ji_5_f;0;173;173;173;1174.667;1230.333
Ji;f;Ji_5_f;0;173;173;173;1205.333;1058.667
Ji;f;Ji_5_f;0;173;173;173;1206.667;951.667
Ji;f;Ji_5_f;0;173;173;173;1218.667;842.333
Ji;f;Ji_5_f;0;173;173;173;1246.667;667.667
Ji;f;Ji_5_f;0;173;173;173;1245.333;518.333
Ji;m;Ji_5_m;0;173;173;173;2004;493
Ji;m;Ji_5_m;0;170;170;170;2019;655
Ji;m;Ji_5_m;0;173;173;173;2014;772
Ji;m;Ji_5_m;0;173;173;173;2000;857
Ji;m;Ji_5_m;0;173;173;173;1997;939
Ji;m;Ji_5_m;0;173;173;173;1996;1010
Ji;m;Ji_5_m;0;173;173;173;1992;1085
Ji;m;Ji_5_m;0;173;173;173;1986;1142
Ji;m;Ji_5_m;0;173;173;173;1982;1229
Ji;m;Ji_5_m;0;173;173;173;1977;1583
Ji;m;Ji_5_m;0;173;173;173;1712;1312
Ji;m;Ji_5_m;0;173;173;173;1685.667;1244.667
Ji;m;Ji_5_m;0;173;173;173;1699;1148.667
Ji;m;Ji_5_m;0;173;173;173;1720.333;1057
Ji;m;Ji_5_m;0;173;173;173;1737.667;947.333
Ji;m;Ji_5_m;0;173;173;173;1749.667;890.667
Ji;m;Ji_5_m;0;173;173;173;1741;806.667
Ji;m;Ji_5_m;0;173;173;173;1763.667;702
Ji;m;Ji_5_m;0;173;173;173;1895;617.333
Ji;m;Ji_5_m;0;173;173;173;2174;608.667
Ji;m;Ji_5_m;0;173;173;173;2241.333;697.333
Ji;m;Ji_5_m;0;173;173;173;2260.667;808.667
Ji;m;Ji_5_m;0;173;173;173;2254.667;908
Ji;m;Ji_5_m;0;173;173;173;2256;988
Ji;m;Ji_5_m;0;173;173;173;2259.333;1061
Ji;m;Ji_5_m;0;173;173;173;2260.667;1115.667
Ji;m;Ji_5_m;0;173;173;173;2238;1230
Ji;m;Ji_5_m;0;173;173;173;2219.333;1317.667
Ji;f;Ji_6_f;0;173;173;173;877.667;1658.667
Ji;f;Ji_6_f;0;173;173;173;848.333;1449.333
Ji;f;Ji_6_f;0;173;173;173;853.667;1317.333
Ji;f;Ji_6_f;0;173;173;173;859;1198.667
Ji;f;Ji_6_f;0;173;173;173;867;1068
Ji;f;Ji_6_f;0;173;173;173;868.333;933.667
Ji;f;Ji_6_f;0;173;173;173;867;878.667
Ji;f;Ji_6_f;0;173;173;173;857.667;760.333
Ji;f;Ji_6_f;0;173;173;173;859;680.333
Ji;f;Ji_6_f;0;173;173;173;883;274.333
Ji;f;Ji_6_f;0;173;173;173;577.667;518.667
Ji;f;Ji_6_f;0;173;173;173;547;626.667
Ji;f;Ji_6_f;0;173;173;173;545.667;761.333
Ji;f;Ji_6_f;0;173;173;173;547;867
Ji;f;Ji_6_f;0;173;173;173;513.667;944.333
Ji;f;Ji_6_f;0;173;173;173;504.333;1099.667
Ji;f;Ji_6_f;0;173;173;173;528.333;1261.667
Ji;f;Ji_6_f;0;173;173;173;571;1398
Ji;f;Ji_6_f;0;173;173;173;659;1507.333
Ji;f;Ji_6_f;0;173;173;173;1000.333;1517
Ji;f;Ji_6_f;0;173;173;173;1097.667;1410.333
Ji;f;Ji_6_f;0;173;173;173;1169.667;1270
Ji;f;Ji_6_f;0;173;173;173;1192.333;1113
Ji;f;Ji_6_f;0;173;173;173;1169.667;981.333
Ji;f;Ji_6_f;0;173;173;173;1120.333;862.667
Ji;f;Ji_6_f;0;173;173;173;1156.333;770.333
Ji;f;Ji_6_f;0;173;173;173;1149.667;619.667
Ji;f;Ji_6_f;0;173;173;173;1136.333;505
Ji;m;Ji_6_m;0;173;173;173;1776;392.333
Ji;m;Ji_6_m;0;170;170;170;1770.667;512.333
Ji;m;Ji_6_m;0;173;173;173;1762.667;605.667
Ji;m;Ji_6_m;0;173;173;173;1776;683
Ji;m;Ji_6_m;0;173;173;173;1770.667;739
Ji;m;Ji_6_m;0;173;173;173;1774.667;811
Ji;m;Ji_6_m;0;173;173;173;1777.333;869.667
Ji;m;Ji_6_m;0;173;173;173;1772;944.333
Ji;m;Ji_6_m;0;173;173;173;1774.667;1012.333
Ji;m;Ji_6_m;0;173;173;173;1768;1281
Ji;m;Ji_6_m;0;173;173;173;1564;1118.333
Ji;m;Ji_6_m;0;173;173;173;1509.333;1022.333
Ji;m;Ji_6_m;0;173;173;173;1529.333;924.333
Ji;m;Ji_6_m;0;173;173;173;1530.667;841.667
Ji;m;Ji_6_m;0;173;173;173;1538.667;779.667
Ji;m;Ji_6_m;0;173;173;173;1548;714.333
Ji;m;Ji_6_m;0;173;173;173;1545.333;653
Ji;m;Ji_6_m;0;173;173;173;1568;555.333
Ji;m;Ji_6_m;0;173;173;173;1634.667;468.667
Ji;m;Ji_6_m;0;173;173;173;1896;472.667
Ji;m;Ji_6_m;0;173;173;173;1949.333;560.667
Ji;m;Ji_6_m;0;173;173;173;1969.333;652.667
Ji;m;Ji_6_m;0;173;173;173;1980;719.667
Ji;m;Ji_6_m;0;173;173;173;1957.333;786.333
Ji;m;Ji_6_m;0;173;173;173;1968;851.667
Ji;m;Ji_6_m;0;173;173;173;1981.333;919.667
Ji;m;Ji_6_m;0;173;173;173;1974.667;1011.667
Ji;m;Ji_6_m;0;173;173;173;1937.333;1093
Ji;f;Ji_7_f;0;173;173;173;882.333;1563.333
Ji;f;Ji_7_f;0;173;173;173;883.667;1423.333
Ji;f;Ji_7_f;0;173;173;173;893;1295.333
Ji;f;Ji_7_f;0;173;173;173;901;1166
Ji;f;Ji_7_f;0;173;173;173;918.333;1023.667
Ji;f;Ji_7_f;0;173;173;173;930.333;900.333
Ji;f;Ji_7_f;0;173;173;173;931.667;823.333
Ji;f;Ji_7_f;0;173;173;173;935.667;736.667
Ji;f;Ji_7_f;0;173;173;173;954.333;634.667
Ji;f;Ji_7_f;0;173;173;173;946.333;232.667
Ji;f;Ji_7_f;0;173;173;173;682.333;427.333
Ji;f;Ji_7_f;0;173;173;173;619.667;535.333
Ji;f;Ji_7_f;0;173;173;173;599.667;698.333
Ji;f;Ji_7_f;0;173;173;173;590.333;806.333
Ji;f;Ji_7_f;0;173;173;173;561;914.333
Ji;f;Ji_7_f;0;173;173;173;506.667;1069
Ji;f;Ji_7_f;0;173;173;173;534.667;1241
Ji;f;Ji_7_f;0;173;173;173;612;1378.333
Ji;f;Ji_7_f;0;173;173;173;753.333;1483.667
Ji;f;Ji_7_f;0;173;173;173;1025.333;1485
Ji;f;Ji_7_f;0;173;173;173;1154;1391
Ji;f;Ji_7_f;0;173;173;173;1200.667;1243
Ji;f;Ji_7_f;0;173;173;173;1228.667;1074.333
Ji;f;Ji_7_f;0;173;173;173;1234;943.667
Ji;f;Ji_7_f;0;173;173;173;1222;847.667
Ji;f;Ji_7_f;0;173;173;173;1228.667;747.667
Ji;f;Ji_7_f;0;173;173;173;1230;589.333
Ji;f;Ji_7_f;0;173;173;173;1188.667;485.333
Ji;m;Ji_7_m;0;173;173;173;1863;545
Ji;m;Ji_7_m;0;170;170;170;1856.333;667
Ji;m;Ji_7_m;0;173;173;173;1853;767
Ji;m;Ji_7_m;0;173;173;173;1850.333;832
Ji;m;Ji_7_m;0;173;173;173;1851.667;887.333
Ji;m;Ji_7_m;0;173;173;173;1850.333;955.667
Ji;m;Ji_7_m;0;173;173;173;1845;1018.667
Ji;m;Ji_7_m;0;173;173;173;1844.333;1071
Ji;m;Ji_7_m;0;173;173;173;1841;1131
Ji;m;Ji_7_m;0;173;173;173;1797.667;1410.667
Ji;m;Ji_7_m;0;173;173;173;1587.667;1243
Ji;m;Ji_7_m;0;173;173;173;1581;1153.333
Ji;m;Ji_7_m;0;173;173;173;1608.333;1042.667
Ji;m;Ji_7_m;0;173;173;173;1604.333;981.333
Ji;m;Ji_7_m;0;173;173;173;1598.333;921
Ji;m;Ji_7_m;0;173;173;173;1605.667;855.667
Ji;m;Ji_7_m;0;173;173;173;1625.667;776.333
Ji;m;Ji_7_m;0;173;173;173;1641;687.667
Ji;m;Ji_7_m;0;173;173;173;1729.667;618.333
Ji;m;Ji_7_m;0;173;173;173;1963;619.667
Ji;m;Ji_7_m;0;173;173;173;2005.333;734.333
Ji;m;Ji_7_m;0;173;173;173;2020.667;819.667
Ji;m;Ji_7_m;0;173;173;173;2024;867.667
Ji;m;Ji_7_m;0;173;173;173;2026;925.333
Ji;m;Ji_7_m;0;173;173;173;2033.333;985.333
Ji;m;Ji_7_m;0;173;173;173;2041.333;1064
Ji;m;Ji_7_m;0;173;173;173;2042.667;1156.333
Ji;m;Ji_7_m;0;173;173;173;2005.333;1261
Ji;f;Ji_8_f;0;173;173;173;884.333;1562.333
Ji;f;Ji_8_f;0;173;173;173;887;1424
Ji;f;Ji_8_f;0;173;173;173;892.333;1294.667
Ji;f;Ji_8_f;0;173;173;173;903;1167.667
Ji;f;Ji_8_f;0;173;173;173;919;1024.667
Ji;f;Ji_8_f;0;173;173;173;931;894.333
Ji;f;Ji_8_f;0;173;173;173;932.333;824
Ji;f;Ji_8_f;0;173;173;173;935;740.667
Ji;f;Ji_8_f;0;173;173;173;952.333;635.667
Ji;f;Ji_8_f;0;173;173;173;947;230.667
Ji;f;Ji_8_f;0;173;173;173;681.667;430
Ji;f;Ji_8_f;0;173;173;173;620.333;535.667
Ji;f;Ji_8_f;0;173;173;173;601.667;699.667
Ji;f;Ji_8_f;0;173;173;173;592.333;804.667
Ji;f;Ji_8_f;0;173;173;173;560.333;911.333
Ji;f;Ji_8_f;0;173;173;173;508.333;1067.667
Ji;f;Ji_8_f;0;173;173;173;533.667;1243
Ji;f;Ji_8_f;0;173;173;173;612.333;1381.667
Ji;f;Ji_8_f;0;173;173;173;753.667;1484.333
Ji;f;Ji_8_f;0;173;173;173;1027;1487
Ji;f;Ji_8_f;0;173;173;173;1153.667;1391
Ji;f;Ji_8_f;0;173;173;173;1199;1245.667
Ji;f;Ji_8_f;0;173;173;173;1229.667;1075.333
Ji;f;Ji_8_f;0;173;173;173;1235;942.333
Ji;f;Ji_8_f;0;173;173;173;1223;847.667
Ji;f;Ji_8_f;0;173;173;173;1228.333;747
Ji;f;Ji_8_f;0;173;173;173;1229.667;590.333
Ji;f;Ji_8_f;0;173;173;173;1191;486
Ji;m;Ji_8_m;0;173;173;173;2077;468
Ji;m;Ji_8_m;0;170;170;170;2109;626
Ji;m;Ji_8_m;0;173;173;173;2113;709
Ji;m;Ji_8_m;0;173;173;173;2115;774
Ji;m;Ji_8_m;0;173;173;173;2111;837
Ji;m;Ji_8_m;0;173;173;173;2118;914
Ji;m;Ji_8_m;0;173;173;173;2123;956
Ji;m;Ji_8_m;0;173;173;173;2122;1017
Ji;m;Ji_8_m;0;173;173;173;2124;1082
Ji;m;Ji_8_m;0;173;173;173;2146;1382
Ji;m;Ji_8_m;0;173;173;173;1928;1194
Ji;m;Ji_8_m;0;173;173;173;1877;1125
Ji;m;Ji_8_m;0;173;173;173;1863;1009
Ji;m;Ji_8_m;0;173;173;173;1856;922
Ji;m;Ji_8_m;0;173;173;173;1858;873
Ji;m;Ji_8_m;0;173;173;173;1872;822
Ji;m;Ji_8_m;0;173;173;173;1879;749
Ji;m;Ji_8_m;0;173;173;173;1864;638
Ji;m;Ji_8_m;0;173;173;173;1958;565
Ji;m;Ji_8_m;0;173;173;173;2216;532
Ji;m;Ji_8_m;0;173;173;173;2314;635
Ji;m;Ji_8_m;0;173;173;173;2322;709
Ji;m;Ji_8_m;0;173;173;173;2330;771
Ji;m;Ji_8_m;0;173;173;173;2343;826
Ji;m;Ji_8_m;0;173;173;173;2351;891
Ji;m;Ji_8_m;0;173;173;173;2348;982
Ji;m;Ji_8_m;0;173;173;173;2360;1112
Ji;m;Ji_8_m;0;173;173;173;2343;1181
Jp;f;Jp_1_f;0;173;173;173;816.333;1506.333
Jp;f;Jp_1_f;0;173;173;173;809.667;1355.667
Jp;f;Jp_1_f;0;173;173;173;849.667;1173
Jp;f;Jp_1_f;0;173;173;173;871;1036.667
Jp;f;Jp_1_f;0;173;173;173;893.667;897.333
Jp;f;Jp_1_f;0;173;173;173;908.333;776.667
Jp;f;Jp_1_f;0;173;173;173;919;687.333
Jp;f;Jp_1_f;0;173;173;173;928.333;598
Jp;f;Jp_1_f;0;173;173;173;921.667;496.333
Jp;f;Jp_1_f;0;173;173;173;972.333;109.333
Jp;f;Jp_1_f;0;173;173;173;707;301.333
Jp;f;Jp_1_f;0;173;173;173;616.333;400.667
Jp;f;Jp_1_f;0;173;173;173;577.667;527.333
Jp;f;Jp_1_f;0;173;173;173;555;687.333
Jp;f;Jp_1_f;0;173;173;173;507;804.667
Jp;f;Jp_1_f;0;173;173;173;479;955
Jp;f;Jp_1_f;0;173;173;173;467;1122.667
Jp;f;Jp_1_f;0;173;173;173;543;1296
Jp;f;Jp_1_f;0;173;173;173;707;1416
Jp;f;Jp_1_f;0;173;173;173;964.333;1430.667
Jp;f;Jp_1_f;0;173;173;173;1108.333;1334.667
Jp;f;Jp_1_f;0;173;173;173;1223;1184
Jp;f;Jp_1_f;0;173;173;173;1234;1030
Jp;f;Jp_1_f;0;173;173;173;1235;877
Jp;f;Jp_1_f;0;173;173;173;1243;730
Jp;f;Jp_1_f;0;173;173;173;1256;584
Jp;f;Jp_1_f;0;173;173;173;1228;472
Jp;f;Jp_1_f;0;173;173;173;1200;395
Jp;m;Jp_1_m;0;173;173;173;1811;451
Jp;m;Jp_1_m;0;170;170;170;1804.333;581.667
Jp;m;Jp_1_m;0;173;173;173;1799;661.667
Jp;m;Jp_1_m;0;173;173;173;1788.333;724.333
Jp;m;Jp_1_m;0;173;173;173;1781.667;788.333
Jp;m;Jp_1_m;0;173;173;173;1773.667;851
Jp;m;Jp_1_m;0;173;173;173;1765.667;915
Jp;m;Jp_1_m;0;173;173;173;1764.333;988.333
Jp;m;Jp_1_m;0;173;173;173;1752.333;1032.333
Jp;m;Jp_1_m;0;173;173;173;1716.333;1276
Jp;m;Jp_1_m;0;173;173;173;1512.333;1098.667
Jp;m;Jp_1_m;0;173;173;173;1507;1014.667
Jp;m;Jp_1_m;0;173;173;173;1544.333;916
Jp;m;Jp_1_m;0;173;173;173;1556.333;857.333
Jp;m;Jp_1_m;0;173;173;173;1560.333;793.333
Jp;m;Jp_1_m;0;173;173;173;1548.333;720
Jp;m;Jp_1_m;0;173;173;173;1583;657.333
Jp;m;Jp_1_m;0;173;173;173;1601.667;572.667
Jp;m;Jp_1_m;0;173;173;173;1676.333;500.667
Jp;m;Jp_1_m;0;173;173;173;1899;524.667
Jp;m;Jp_1_m;0;173;173;173;1987;612.667
Jp;m;Jp_1_m;0;173;173;173;1992.333;695.333
Jp;m;Jp_1_m;0;173;173;173;1995;755.333
Jp;m;Jp_1_m;0;173;173;173;2019;820.667
Jp;m;Jp_1_m;0;173;173;173;2021.667;890
Jp;m;Jp_1_m;0;173;173;173;2005.667;978
Jp;m;Jp_1_m;0;173;173;173;1987;1076.667
Jp;m;Jp_1_m;0;173;173;173;1945.667;1146
Jp;f;Jp_2_f;0;173;173;173;1061;1622.667
Jp;f;Jp_2_f;0;173;173;173;1089;1424
Jp;f;Jp_2_f;0;173;173;173;1095.667;1289.333
Jp;f;Jp_2_f;0;173;173;173;1115.667;1150.667
Jp;f;Jp_2_f;0;173;173;173;1111.667;996
Jp;f;Jp_2_f;0;173;173;173;1115.667;862.333
Jp;f;Jp_2_f;0;173;173;173;1111.667;796.333
Jp;f;Jp_2_f;0;173;173;173;1111.667;692.333
Jp;f;Jp_2_f;0;173;173;173;1113;563
Jp;f;Jp_2_f;0;173;173;173;1089;137
Jp;f;Jp_2_f;0;173;173;173;825;392.333
Jp;f;Jp_2_f;0;173;173;173;794.333;514
Jp;f;Jp_2_f;0;173;173;173;787.667;678.333
Jp;f;Jp_2_f;0;173;173;173;782.333;795
Jp;f;Jp_2_f;0;173;173;173;762.333;931.333
Jp;f;Jp_2_f;0;173;173;173;775.667;1091
Jp;f;Jp_2_f;0;173;173;173;785;1251.667
Jp;f;Jp_2_f;0;173;173;173;818.333;1392
Jp;f;Jp_2_f;0;173;173;173;917;1516
Jp;f;Jp_2_f;0;173;173;173;1265;1530.667
Jp;f;Jp_2_f;0;173;173;173;1338.333;1397.333
Jp;f;Jp_2_f;0;173;173;173;1406.333;1275.667
Jp;f;Jp_2_f;0;173;173;173;1434.333;1097
Jp;f;Jp_2_f;0;173;173;173;1427.667;947
Jp;f;Jp_2_f;0;173;173;173;1438.333;798.333
Jp;f;Jp_2_f;0;173;173;173;1427.667;675.333
Jp;f;Jp_2_f;0;173;173;173;1422.333;512.333
Jp;f;Jp_2_f;0;173;173;173;1358.333;406.667
Jp;m;Jp_2_m;0;173;173;173;1909.333;524
Jp;m;Jp_2_m;0;170;170;170;1892;617.333
Jp;m;Jp_2_m;0;173;173;173;1877.333;705.333
Jp;m;Jp_2_m;0;173;173;173;1861.333;769.333
Jp;m;Jp_2_m;0;173;173;173;1856;820
Jp;m;Jp_2_m;0;173;173;173;1850.667;876
Jp;m;Jp_2_m;0;173;173;173;1841.333;921.333
Jp;m;Jp_2_m;0;173;173;173;1838.667;976
Jp;m;Jp_2_m;0;173;173;173;1820;1054.667
Jp;m;Jp_2_m;0;173;173;173;1770.667;1323.667
Jp;m;Jp_2_m;0;173;173;173;1610.667;1108.333
Jp;m;Jp_2_m;0;173;173;173;1606.667;1028.333
Jp;m;Jp_2_m;0;173;173;173;1632;949.667
Jp;m;Jp_2_m;0;173;173;173;1661.333;889.667
Jp;m;Jp_2_m;0;173;173;173;1665.333;835.333
Jp;m;Jp_2_m;0;173;173;173;1676;763.333
Jp;m;Jp_2_m;0;173;173;173;1688;706
Jp;m;Jp_2_m;0;173;173;173;1720;620
Jp;m;Jp_2_m;0;173;173;173;1780;554.667
Jp;m;Jp_2_m;0;173;173;173;1993.333;589.333
Jp;m;Jp_2_m;0;173;173;173;2030.667;657.333
Jp;m;Jp_2_m;0;173;173;173;2048;741.333
Jp;m;Jp_2_m;0;173;173;173;2041.333;810.667
Jp;m;Jp_2_m;0;173;173;173;2033.333;876
Jp;m;Jp_2_m;0;173;173;173;2044;944
Jp;m;Jp_2_m;0;173;173;173;2036;1013
Jp;m;Jp_2_m;0;173;173;173;2010.667;1107.667
Jp;m;Jp_2_m;0;173;173;173;1989.333;1170.333
Jp;f;Jp_3_f;0;173;173;173;1061.667;1617.667
Jp;f;Jp_3_f;0;173;173;173;1053.667;1380.667
Jp;f;Jp_3_f;0;173;173;173;1063;1277
Jp;f;Jp_3_f;0;173;173;173;1055;1138.333
Jp;f;Jp_3_f;0;173;173;173;1053.667;971
Jp;f;Jp_3_f;0;173;173;173;1045.667;822.333
Jp;f;Jp_3_f;0;173;173;173;1027;742
Jp;f;Jp_3_f;0;173;173;173;1029.667;628.333
Jp;f;Jp_3_f;0;173;173;173;1025.667;517.333
Jp;f;Jp_3_f;0;173;173;173;1025.667;106.667
Jp;f;Jp_3_f;0;173;173;173;772.333;361.333
Jp;f;Jp_3_f;0;173;173;173;688.333;495.667
Jp;f;Jp_3_f;0;173;173;173;681.667;665.667
Jp;f;Jp_3_f;0;173;173;173;700.333;792.333
Jp;f;Jp_3_f;0;173;173;173;675;911.333
Jp;f;Jp_3_f;0;173;173;173;689.667;1056.667
Jp;f;Jp_3_f;0;173;173;173;715;1237
Jp;f;Jp_3_f;0;173;173;173;781.667;1398.333
Jp;f;Jp_3_f;0;173;173;173;901.667;1509.333
Jp;f;Jp_3_f;0;173;173;173;1217.667;1496
Jp;f;Jp_3_f;0;173;173;173;1337.667;1381.333
Jp;f;Jp_3_f;0;173;173;173;1387;1195.667
Jp;f;Jp_3_f;0;173;173;173;1384.333;1009.333
Jp;f;Jp_3_f;0;173;173;173;1371;874
Jp;f;Jp_3_f;0;173;173;173;1361.667;763.333
Jp;f;Jp_3_f;0;173;173;173;1355;656.333
Jp;f;Jp_3_f;0;173;173;173;1329.667;492.333
Jp;f;Jp_3_f;0;173;173;173;1271;345.667
Jp;m;Jp_3_m;0;173;173;173;2101;666
Jp;m;Jp_3_m;0;170;170;170;2106;800
Jp;m;Jp_3_m;0;173;173;173;2089;902
Jp;m;Jp_3_m;0;173;173;173;2086;987
Jp;m;Jp_3_m;0;173;173;173;2082;1047
Jp;m;Jp_3_m;0;173;173;173;2073;1108
Jp;m;Jp_3_m;0;173;173;173;2064;1160
Jp;m;Jp_3_m;0;173;173;173;2046;1223
Jp;m;Jp_3_m;0;173;173;173;2028;1302
Jp;m;Jp_3_m;0;173;173;173;2000;1643
Jp;m;Jp_3_m;0;173;173;173;1789;1399
Jp;m;Jp_3_m;0;173;173;173;1798;1293
Jp;m;Jp_3_m;0;173;173;173;1825;1198
Jp;m;Jp_3_m;0;173;173;173;1827;1127
Jp;m;Jp_3_m;0;173;173;173;1839;1055
Jp;m;Jp_3_m;0;173;173;173;1844;987
Jp;m;Jp_3_m;0;173;173;173;1843;904
Jp;m;Jp_3_m;0;173;173;173;1861;802
Jp;m;Jp_3_m;0;173;173;173;1952;727
Jp;m;Jp_3_m;0;173;173;173;2235;764
Jp;m;Jp_3_m;0;173;173;173;2289;850
Jp;m;Jp_3_m;0;173;173;173;2290;945
Jp;m;Jp_3_m;0;173;173;173;2292;1018
Jp;m;Jp_3_m;0;173;173;173;2274;1100
Jp;m;Jp_3_m;0;173;173;173;2266;1166
Jp;m;Jp_3_m;0;173;173;173;2271;1263
Jp;m;Jp_3_m;0;173;173;173;2254;1364
Jp;m;Jp_3_m;0;173;173;173;2244;1452
Jp;f;Jp_4_f;0;173;173;173;944;1506
Jp;f;Jp_4_f;0;173;173;173;958;1370
Jp;f;Jp_4_f;0;173;173;173;974;1204
Jp;f;Jp_4_f;0;173;173;173;978;1068
Jp;f;Jp_4_f;0;173;173;173;986;918
Jp;f;Jp_4_f;0;173;173;173;994;770
Jp;f;Jp_4_f;0;173;173;173;1000;690
Jp;f;Jp_4_f;0;173;173;173;998;592
Jp;f;Jp_4_f;0;173;173;173;1004;488
Jp;f;Jp_4_f;0;173;173;173;994;108
Jp;f;Jp_4_f;0;173;173;173;737.333;345.667
Jp;f;Jp_4_f;0;173;173;173;662.667;448.333
Jp;f;Jp_4_f;0;173;173;173;666.667;603
Jp;f;Jp_4_f;0;173;173;173;672;725.667
Jp;f;Jp_4_f;0;173;173;173;633.333;828.333
Jp;f;Jp_4_f;0;173;173;173;616;957.667
Jp;f;Jp_4_f;0;173;173;173;633.333;1149.667
Jp;f;Jp_4_f;0;173;173;173;714.667;1295
Jp;f;Jp_4_f;0;173;173;173;822.667;1388.333
Jp;f;Jp_4_f;0;173;173;173;1117.333;1405.667
Jp;f;Jp_4_f;0;173;173;173;1210.667;1311
Jp;f;Jp_4_f;0;173;173;173;1298.667;1164.333
Jp;f;Jp_4_f;0;173;173;173;1310.667;975
Jp;f;Jp_4_f;0;173;173;173;1300;831
Jp;f;Jp_4_f;0;173;173;173;1292;724.333
Jp;f;Jp_4_f;0;173;173;173;1289.333;605.667
Jp;f;Jp_4_f;0;173;173;173;1294.667;472.333
Jp;f;Jp_4_f;0;173;173;173;1242.667;352
Jp;m;Jp_4_m;0;173;173;173;1848;499
Jp;m;Jp_4_m;0;170;170;170;1866;630
Jp;m;Jp_4_m;0;173;173;173;1864;716
Jp;m;Jp_4_m;0;173;173;173;1859;769
Jp;m;Jp_4_m;0;173;173;173;1859;831
Jp;m;Jp_4_m;0;173;173;173;1858;889
Jp;m;Jp_4_m;0;173;173;173;1857;948
Jp;m;Jp_4_m;0;173;173;173;1855;1005
Jp;m;Jp_4_m;0;173;173;173;1857;1045
Jp;m;Jp_4_m;0;173;173;173;1857;1324
Jp;m;Jp_4_m;0;173;173;173;1657;1157
Jp;m;Jp_4_m;0;173;173;173;1655;1088
Jp;m;Jp_4_m;0;173;173;173;1651;1007
Jp;m;Jp_4_m;0;173;173;173;1647;931
Jp;m;Jp_4_m;0;173;173;173;1652;868
Jp;m;Jp_4_m;0;173;173;173;1647;792
Jp;m;Jp_4_m;0;173;173;173;1666;731
Jp;m;Jp_4_m;0;173;173;173;1676;655
Jp;m;Jp_4_m;0;173;173;173;1740;583
Jp;m;Jp_4_m;0;173;173;173;1967;574
Jp;m;Jp_4_m;0;173;173;173;2030;649
Jp;m;Jp_4_m;0;173;173;173;2038;722
Jp;m;Jp_4_m;0;173;173;173;2036;795
Jp;m;Jp_4_m;0;173;173;173;2041;851
Jp;m;Jp_4_m;0;173;173;173;2045;917
Jp;m;Jp_4_m;0;173;173;173;2040;991
Jp;m;Jp_4_m;0;173;173;173;2034;1060
Jp;m;Jp_4_m;0;173;173;173;2040;1129
Jp;f;Jp_5_f;0;173;173;173;960;1564
Jp;f;Jp_5_f;0;173;173;173;950;1352
Jp;f;Jp_5_f;0;173;173;173;962;1215
Jp;f;Jp_5_f;0;173;173;173;970;1077
Jp;f;Jp_5_f;0;173;173;173;992;928
Jp;f;Jp_5_f;0;173;173;173;994;808
Jp;f;Jp_5_f;0;173;173;173;1002;728
Jp;f;Jp_5_f;0;173;173;173;1002;644
Jp;f;Jp_5_f;0;173;173;173;1006;506
Jp;f;Jp_5_f;0;173;173;173;992;106
Jp;f;Jp_5_f;0;173;173;173;738;388
Jp;f;Jp_5_f;0;173;173;173;688;474
Jp;f;Jp_5_f;0;173;173;173;686;606
Jp;f;Jp_5_f;0;173;173;173;688;734
Jp;f;Jp_5_f;0;173;173;173;632;837
Jp;f;Jp_5_f;0;173;173;173;622;997
Jp;f;Jp_5_f;0;173;173;173;638;1167
Jp;f;Jp_5_f;0;173;173;173;696;1329
Jp;f;Jp_5_f;0;173;173;173;820;1427
Jp;f;Jp_5_f;0;173;173;173;1108;1433
Jp;f;Jp_5_f;0;173;173;173;1212;1345
Jp;f;Jp_5_f;0;173;173;173;1276;1186
Jp;f;Jp_5_f;0;173;173;173;1295;997
Jp;f;Jp_5_f;0;173;173;173;1287;831
Jp;f;Jp_5_f;0;173;173;173;1253;728
Jp;f;Jp_5_f;0;173;173;173;1258;648
Jp;f;Jp_5_f;0;173;173;173;1253;485
Jp;f;Jp_5_f;0;173;173;173;1230;385
Jp;m;Jp_5_m;0;173;173;173;1958;522
Jp;m;Jp_5_m;0;170;170;170;1929;653
Jp;m;Jp_5_m;0;173;173;173;1914;764
Jp;m;Jp_5_m;0;173;173;173;1902;833
Jp;m;Jp_5_m;0;173;173;173;1894;906
Jp;m;Jp_5_m;0;173;173;173;1880;970
Jp;m;Jp_5_m;0;173;173;173;1875;1027
Jp;m;Jp_5_m;0;173;173;173;1869;1079
Jp;m;Jp_5_m;0;173;173;173;1854;1165
Jp;m;Jp_5_m;0;173;173;173;1822;1446
Jp;m;Jp_5_m;0;173;173;173;1646;1240
Jp;m;Jp_5_m;0;173;173;173;1623;1177
Jp;m;Jp_5_m;0;173;173;173;1645;1070
Jp;m;Jp_5_m;0;173;173;173;1664;974
Jp;m;Jp_5_m;0;173;173;173;1678;910
Jp;m;Jp_5_m;0;173;173;173;1701;835
Jp;m;Jp_5_m;0;173;173;173;1705;750
Jp;m;Jp_5_m;0;173;173;173;1731;660
Jp;m;Jp_5_m;0;173;173;173;1809;581
Jp;m;Jp_5_m;0;173;173;173;2068;640
Jp;m;Jp_5_m;0;173;173;173;2096;737
Jp;m;Jp_5_m;0;173;173;173;2091;825
Jp;m;Jp_5_m;0;173;173;173;2083;891
Jp;m;Jp_5_m;0;173;173;173;2069;955
Jp;m;Jp_5_m;0;173;173;173;2066;1011
Jp;m;Jp_5_m;0;173;173;173;2066;1087
Jp;m;Jp_5_m;0;173;173;173;2072;1189
Jp;m;Jp_5_m;0;173;173;173;2065;1251
Jp;f;Jp_6_f;0;173;173;173;872.667;1648.667
Jp;f;Jp_6_f;0;173;173;173;910;1464.667
Jp;f;Jp_6_f;0;173;173;173;946;1280.667
Jp;f;Jp_6_f;0;173;173;173;970;1138.333
Jp;f;Jp_6_f;0;173;173;173;1007.333;961
Jp;f;Jp_6_f;0;173;173;173;1038;799.667
Jp;f;Jp_6_f;0;173;173;173;1055.333;717
Jp;f;Jp_6_f;0;173;173;173;1074;624.667
Jp;f;Jp_6_f;0;173;173;173;1112.667;493.333
Jp;f;Jp_6_f;0;173;173;173;1176.667;130.667
Jp;f;Jp_6_f;0;173;173;173;867.333;275.333
Jp;f;Jp_6_f;0;173;173;173;798;395
Jp;f;Jp_6_f;0;173;173;173;731.333;554
Jp;f;Jp_6_f;0;173;173;173;694;697.667
Jp;f;Jp_6_f;0;173;173;173;663.333;769.667
Jp;f;Jp_6_f;0;173;173;173;630;934
Jp;f;Jp_6_f;0;173;173;173;591.333;1128.333
Jp;f;Jp_6_f;0;173;173;173;615.333;1286.333
Jp;f;Jp_6_f;0;173;173;173;714;1445.667
Jp;f;Jp_6_f;0;173;173;173;1075.333;1520.333
Jp;f;Jp_6_f;0;173;173;173;1203.333;1436.333
Jp;f;Jp_6_f;0;173;173;173;1278;1280.333
Jp;f;Jp_6_f;0;173;173;173;1354;1107
Jp;f;Jp_6_f;0;173;173;173;1372.667;950.667
Jp;f;Jp_6_f;0;173;173;173;1386;837
Jp;f;Jp_6_f;0;173;173;173;1399.333;704.667
Jp;f;Jp_6_f;0;173;173;173;1422;544.333
Jp;f;Jp_6_f;0;173;173;173;1416.667;398.667
Jp;m;Jp_6_m;0;173;173;173;1959.667;604
Jp;m;Jp_6_m;0;170;170;170;1945.667;732
Jp;m;Jp_6_m;0;173;173;173;1925;848.667
Jp;m;Jp_6_m;0;173;173;173;1909;915.333
Jp;m;Jp_6_m;0;173;173;173;1895.667;987.333
Jp;m;Jp_6_m;0;173;173;173;1882.333;1059.333
Jp;m;Jp_6_m;0;173;173;173;1875;1119.667
Jp;m;Jp_6_m;0;173;173;173;1867.667;1178.333
Jp;m;Jp_6_m;0;173;173;173;1844.333;1260.333
Jp;m;Jp_6_m;0;173;173;173;1792.333;1556.333
Jp;m;Jp_6_m;0;173;173;173;1604.667;1345.333
Jp;m;Jp_6_m;0;173;173;173;1595.333;1269.667
Jp;m;Jp_6_m;0;173;173;173;1622;1146
Jp;m;Jp_6_m;0;173;173;173;1646.667;1049.333
Jp;m;Jp_6_m;0;173;173;173;1662.667;1002.667
Jp;m;Jp_6_m;0;173;173;173;1668.667;935
Jp;m;Jp_6_m;0;173;173;173;1704;841.667
Jp;m;Jp_6_m;0;173;173;173;1730;749.667
Jp;m;Jp_6_m;0;173;173;173;1803.333;666.333
Jp;m;Jp_6_m;0;173;173;173;2069.333;719.333
Jp;m;Jp_6_m;0;173;173;173;2104;818.667
Jp;m;Jp_6_m;0;173;173;173;2103.333;915.667
Jp;m;Jp_6_m;0;173;173;173;2094.667;995.667
Jp;m;Jp_6_m;0;173;173;173;2089.333;1058.667
Jp;m;Jp_6_m;0;173;173;173;2112.667;1141.333
Jp;m;Jp_6_m;0;173;173;173;2096;1228.333
Jp;m;Jp_6_m;0;173;173;173;2085.333;1331
Jp;m;Jp_6_m;0;173;173;173;2037.333;1396.333
Jp;f;Jp_7_f;0;173;173;173;953;1567
Jp;f;Jp_7_f;0;173;173;173;984;1366
Jp;f;Jp_7_f;0;173;173;173;999;1229
Jp;f;Jp_7_f;0;173;173;173;1006;1086
Jp;f;Jp_7_f;0;173;173;173;1037;926
Jp;f;Jp_7_f;0;173;173;173;1060;791
Jp;f;Jp_7_f;0;173;173;173;1072;695
Jp;f;Jp_7_f;0;173;173;173;1087;597
Jp;f;Jp_7_f;0;173;173;173;1110;479
Jp;f;Jp_7_f;0;173;173;173;1136;109
Jp;f;Jp_7_f;0;173;173;173;858;314
Jp;f;Jp_7_f;0;173;173;173;777;434
Jp;f;Jp_7_f;0;173;173;173;744;578
Jp;f;Jp_7_f;0;173;173;173;731;677
Jp;f;Jp_7_f;0;173;173;173;700;783
Jp;f;Jp_7_f;0;173;173;173;672;935
Jp;f;Jp_7_f;0;173;173;173;655;1107
Jp;f;Jp_7_f;0;173;173;173;717;1278
Jp;f;Jp_7_f;0;173;173;173;812;1392
Jp;f;Jp_7_f;0;173;173;173;1125;1430
Jp;f;Jp_7_f;0;173;173;173;1243;1353
Jp;f;Jp_7_f;0;173;173;173;1341;1197
Jp;f;Jp_7_f;0;173;173;173;1382;1034
Jp;f;Jp_7_f;0;173;173;173;1379;899
Jp;f;Jp_7_f;0;173;173;173;1369;794
Jp;f;Jp_7_f;0;173;173;173;1399;706
Jp;f;Jp_7_f;0;173;173;173;1418;518
Jp;f;Jp_7_f;0;173;173;173;1371;371
Jp;m;Jp_7_m;0;173;173;173;1925;627
Jp;m;Jp_7_m;0;170;170;170;1907;745
Jp;m;Jp_7_m;0;173;173;173;1891;828
Jp;m;Jp_7_m;0;173;173;173;1882;897
Jp;m;Jp_7_m;0;173;173;173;1871;964
Jp;m;Jp_7_m;0;173;173;173;1866;1020
Jp;m;Jp_7_m;0;173;173;173;1858;1084
Jp;m;Jp_7_m;0;173;173;173;1852;1149
Jp;m;Jp_7_m;0;173;173;173;1843;1215
Jp;m;Jp_7_m;0;173;173;173;1825;1470
Jp;m;Jp_7_m;0;173;173;173;1653;1309
Jp;m;Jp_7_m;0;173;173;173;1626;1240
Jp;m;Jp_7_m;0;173;173;173;1652;1115
Jp;m;Jp_7_m;0;173;173;173;1663;1052
Jp;m;Jp_7_m;0;173;173;173;1675;983
Jp;m;Jp_7_m;0;173;173;173;1676;917
Jp;m;Jp_7_m;0;173;173;173;1693;843
Jp;m;Jp_7_m;0;173;173;173;1727;759
Jp;m;Jp_7_m;0;173;173;173;1797;680
Jp;m;Jp_7_m;0;173;173;173;2026;718
Jp;m;Jp_7_m;0;173;173;173;2055;811
Jp;m;Jp_7_m;0;173;173;173;2077;882
Jp;m;Jp_7_m;0;173;173;173;2065;966
Jp;m;Jp_7_m;0;173;173;173;2062;1019
Jp;m;Jp_7_m;0;173;173;173;2069;1089
Jp;m;Jp_7_m;0;173;173;173;2054;1166
Jp;m;Jp_7_m;0;173;173;173;2049;1253
Jp;m;Jp_7_m;0;173;173;173;2005;1322
Jp;m;Jp_8_m;0;173;173;173;1941;681
Jp;m;Jp_8_m;0;170;170;170;1905;841.667
Jp;m;Jp_8_m;0;173;173;173;1891.667;930.667
Jp;m;Jp_8_m;0;173;173;173;1885;1002.333
Jp;m;Jp_8_m;0;173;173;173;1869;1071
Jp;m;Jp_8_m;0;173;173;173;1862.333;1115
Jp;m;Jp_8_m;0;173;173;173;1859.667;1162.333
Jp;m;Jp_8_m;0;173;173;173;1850.333;1223.667
Jp;m;Jp_8_m;0;173;173;173;1842.333;1289
Jp;m;Jp_8_m;0;173;173;173;1787.667;1575.667
Jp;m;Jp_8_m;0;173;173;173;1626.333;1389
Jp;m;Jp_8_m;0;173;173;173;1617;1315.667
Jp;m;Jp_8_m;0;173;173;173;1626.333;1202.333
Jp;m;Jp_8_m;0;173;173;173;1642.333;1120
Jp;m;Jp_8_m;0;173;173;173;1649;1061.667
Jp;m;Jp_8_m;0;173;173;173;1662.333;1002.333
Jp;m;Jp_8_m;0;173;173;173;1685;927
Jp;m;Jp_8_m;0;173;173;173;1713;839.333
Jp;m;Jp_8_m;0;173;173;173;1799.667;759.333
Jp;m;Jp_8_m;0;173;173;173;2053;815.333
Jp;m;Jp_8_m;0;173;173;173;2077;914
Jp;m;Jp_8_m;0;173;173;173;2098.333;995.333
Jp;m;Jp_8_m;0;173;173;173;2083.667;1075.333
Jp;m;Jp_8_m;0;173;173;173;2071.667;1131.667
Jp;m;Jp_8_m;0;173;173;173;2071.667;1186.333
Jp;m;Jp_8_m;0;173;173;173;2054.333;1259.667
Jp;m;Jp_8_m;0;173;173;173;2049;1351.667
Jp;m;Jp_8_m;0;173;173;173;2034.333;1425
Jp;f;Jp_8_f;0;173;173;173;871.667;1640
Jp;f;Jp_8_f;0;173;173;173;915.667;1453.333
Jp;f;Jp_8_f;0;173;173;173;953;1301
Jp;f;Jp_8_f;0;173;173;173;979.667;1122.333
Jp;f;Jp_8_f;0;173;173;173;1010.333;999.667
Jp;f;Jp_8_f;0;173;173;173;1029;866
Jp;f;Jp_8_f;0;173;173;173;1045;763.667
Jp;f;Jp_8_f;0;173;173;173;1055.667;708.333
Jp;f;Jp_8_f;0;173;173;173;1085;569.333
Jp;f;Jp_8_f;0;173;173;173;1131.667;168
Jp;f;Jp_8_f;0;173;173;173;841;408
Jp;f;Jp_8_f;0;173;173;173;775.667;510.333
Jp;f;Jp_8_f;0;173;173;173;726.333;666.333
Jp;f;Jp_8_f;0;173;173;173;705;766
Jp;f;Jp_8_f;0;173;173;173;650.333;864.667
Jp;f;Jp_8_f;0;173;173;173;630.333;1011.333
Jp;f;Jp_8_f;0;173;173;173;614.333;1179.333
Jp;f;Jp_8_f;0;173;173;173;651.667;1361.667
Jp;f;Jp_8_f;0;173;173;173;735.667;1501.667
Jp;f;Jp_8_f;0;173;173;173;1038.333;1541.667
Jp;f;Jp_8_f;0;173;173;173;1182.333;1467
Jp;f;Jp_8_f;0;173;173;173;1262.333;1325.667
Jp;f;Jp_8_f;0;173;173;173;1347;1148
Jp;f;Jp_8_f;0;173;173;173;1359;974
Jp;f;Jp_8_f;0;173;173;173;1359;848
Jp;f;Jp_8_f;0;173;173;173;1367;754
Jp;f;Jp_8_f;0;173;173;173;1391;599
Jp;f;Jp_8_f;0;173;173;173;1357;493
Ja;f;Ja_1_f;0;121;121;121;789;1788
Ja;f;Ja_1_f;0;173;173;173;794.5;1592.5
Ja;f;Ja_1_f;0;173;173;173;800.5;1436.5
Ja;f;Ja_1_f;0;173;173;173;803.5;1286.5
Ja;f;Ja_1_f;0;173;173;173;791.5;1148.5
Ja;f;Ja_1_f;0;173;173;173;794.5;992.5
Ja;f;Ja_1_f;0;173;173;173;785.5;902.5
Ja;f;Ja_1_f;0;173;173;173;791.5;842.5
Ja;f;Ja_1_f;0;173;173;173;788.5;680.5
Ja;f;Ja_1_f;0;173;173;173;797.5;230.5
Ja;f;Ja_1_f;0;173;173;173;524.5;503.5
Ja;f;Ja_1_f;0;173;173;173;467.5;653.5
Ja;f;Ja_1_f;0;173;173;173;431.5;806.5
Ja;f;Ja_1_f;0;173;173;173;440.5;935.5
Ja;f;Ja_1_f;0;173;173;173;386.5;1058.5
Ja;f;Ja_1_f;0;173;173;173;380.5;1205.5
Ja;f;Ja_1_f;0;173;173;173;413.5;1388.5
Ja;f;Ja_1_f;0;173;173;173;491.5;1553.5
Ja;f;Ja_1_f;0;173;173;173;599.5;1670.5
Ja;f;Ja_1_f;0;173;173;173;962.5;1688.5
Ja;f;Ja_1_f;0;173;173;173;1151.5;1601.5
Ja;f;Ja_1_f;0;173;173;173;1199.5;1406.5
Ja;f;Ja_1_f;0;173;173;173;1208.5;1196.5
Ja;f;Ja_1_f;0;173;173;173;1202.5;1061.5
Ja;f;Ja_1_f;0;173;173;173;1172.5;941.5
Ja;f;Ja_1_f;0;173;173;173;1160.5;812.5
Ja;f;Ja_1_f;0;173;173;173;1160.5;659.5
Ja;f;Ja_1_f;0;173;173;173;1115.5;488.5
Ja;m;Ja_1_m;0;173;173;173;1848.5;402
Ja;m;Ja_1_m;0;173;173;173;1856.5;521.5
Ja;m;Ja_1_m;0;173;173;173;1862.5;596.5
Ja;m;Ja_1_m;0;173;173;173;1859.5;653.5
Ja;m;Ja_1_m;0;173;173;173;1862.5;719.5
Ja;m;Ja_1_m;0;173;173;173;1871.5;791.5
Ja;m;Ja_1_m;0;173;173;173;1877.5;866.5
Ja;m;Ja_1_m;0;173;173;173;1880.5;935.5
Ja;m;Ja_1_m;0;173;173;173;1883.5;1022.5
Ja;m;Ja_1_m;0;173;173;173;1904.5;1316.5
Ja;m;Ja_1_m;0;173;173;173;1688.5;1184.5
Ja;m;Ja_1_m;0;173;173;173;1664.5;1064.5
Ja;m;Ja_1_m;0;173;173;173;1664.5;962.5
Ja;m;Ja_1_m;0;173;173;173;1673.5;890.5
Ja;m;Ja_1_m;0;173;173;173;1670.5;824.5
Ja;m;Ja_1_m;0;173;173;173;1676.5;767.5
Ja;m;Ja_1_m;0;173;173;173;1676.5;701.5
Ja;m;Ja_1_m;0;173;173;173;1673.5;614.5
Ja;m;Ja_1_m;0;173;173;173;1721.5;500.5
Ja;m;Ja_1_m;0;173;173;173;1991.5;482.5
Ja;m;Ja_1_m;0;173;173;173;2063.5;569.5
Ja;m;Ja_1_m;0;173;173;173;2090.5;656.5
Ja;m;Ja_1_m;0;173;173;173;2102.5;728.5
Ja;m;Ja_1_m;0;173;173;173;2108.5;788.5
Ja;m;Ja_1_m;0;173;173;173;2135.5;857.5
Ja;m;Ja_1_m;0;173;173;173;2132.5;944.5
Ja;m;Ja_1_m;0;173;173;173;2144.5;1034.5
Ja;m;Ja_1_m;0;173;173;173;2120.5;1136.5
Ja;f;Ja_2_f;0;173;173;173;636;1818
Ja;f;Ja_2_f;0;173;173;173;674.5;1655.5
Ja;f;Ja_2_f;0;173;173;173;671.5;1487.5
Ja;f;Ja_2_f;0;173;173;173;683.5;1382.5
Ja;f;Ja_2_f;0;173;173;173;695.5;1202.5
Ja;f;Ja_2_f;0;173;173;173;710.5;1040.5
Ja;f;Ja_2_f;0;173;173;173;704.5;938.5
Ja;f;Ja_2_f;0;173;173;173;704.5;827.5
Ja;f;Ja_2_f;0;173;173;173;701.5;692.5
Ja;f;Ja_2_f;0;173;173;173;764.5;296.5
Ja;f;Ja_2_f;0;173;173;173;431.5;524.5
Ja;f;Ja_2_f;0;173;173;173;410.5;599.5
Ja;f;Ja_2_f;0;173;173;173;374.5;776.5
Ja;f;Ja_2_f;0;173;173;173;335.5;923.5
Ja;f;Ja_2_f;0;173;173;173;329.5;1031.5
Ja;f;Ja_2_f;0;173;173;173;305.5;1193.5
Ja;f;Ja_2_f;0;173;173;173;314.5;1364.5
Ja;f;Ja_2_f;0;173;173;173;377.5;1553.5
Ja;f;Ja_2_f;0;173;173;173;494.5;1676.5
Ja;f;Ja_2_f;0;173;173;173;842.5;1703.5
Ja;f;Ja_2_f;0;173;173;173;974.5;1625.5
Ja;f;Ja_2_f;0;173;173;173;1019.5;1439.5
Ja;f;Ja_2_f;0;173;173;173;1082.5;1280.5
Ja;f;Ja_2_f;0;173;173;173;1112.5;1121.5
Ja;f;Ja_2_f;0;173;173;173;1070.5;986.5
Ja;f;Ja_2_f;0;173;173;173;1082.5;842.5
Ja;f;Ja_2_f;0;173;173;173;1079.5;698.5
Ja;f;Ja_2_f;0;173;173;173;1040.5;572.5
Ja;m;Ja_2_m;0;173;173;173;1620;609
Ja;m;Ja_2_m;0;170;170;170;1640.5;761.5
Ja;m;Ja_2_m;0;173;173;173;1646.5;875.5
Ja;m;Ja_2_m;0;173;173;173;1634.5;935.5
Ja;m;Ja_2_m;0;173;173;173;1649.5;1010.5
Ja;m;Ja_2_m;0;173;173;173;1649.5;1073.5
Ja;m;Ja_2_m;0;173;173;173;1649.5;1118.5
Ja;m;Ja_2_m;0;173;173;173;1646.5;1160.5
Ja;m;Ja_2_m;0;173;173;173;1652.5;1202.5
Ja;m;Ja_2_m;0;173;173;173;1655.5;1445.5
Ja;m;Ja_2_m;0;173;173;173;1436.5;1271.5
Ja;m;Ja_2_m;0;173;173;173;1433.5;1202.5
Ja;m;Ja_2_m;0;173;173;173;1433.5;1145.5
Ja;m;Ja_2_m;0;173;173;173;1427.5;1106.5
Ja;m;Ja_2_m;0;173;173;173;1412.5;1052.5
Ja;m;Ja_2_m;0;173;173;173;1415.5;983.5
Ja;m;Ja_2_m;0;173;173;173;1421.5;911.5
Ja;m;Ja_2_m;0;173;173;173;1412.5;815.5
Ja;m;Ja_2_m;0;173;173;173;1508.5;737.5
Ja;m;Ja_2_m;0;173;173;173;1754.5;737.5
Ja;m;Ja_2_m;0;173;173;173;1832.5;803.5
Ja;m;Ja_2_m;0;173;173;173;1847.5;890.5
Ja;m;Ja_2_m;0;173;173;173;1856.5;968.5
Ja;m;Ja_2_m;0;173;173;173;1862.5;1043.5
Ja;m;Ja_2_m;0;173;173;173;1850.5;1088.5
Ja;m;Ja_2_m;0;173;173;173;1832.5;1124.5
Ja;m;Ja_2_m;0;173;173;173;1841.5;1169.5
Ja;m;Ja_2_m;0;173;173;173;1862.5;1256.5
Ja;f;Ja_3_f;0;173;173;173;657;1488
Ja;f;Ja_3_f;0;173;173;173;642.354;1332.193
Ja;f;Ja_3_f;0;173;173;173;629.539;1186.964
Ja;f;Ja_3_f;0;173;173;173;631.675;1039.599
Ja;f;Ja_3_f;0;173;173;173;644.49;873.012
Ja;f;Ja_3_f;0;173;173;173;672.254;742.733
Ja;f;Ja_3_f;0;173;173;173;678.661;642.354
Ja;f;Ja_3_f;0;173;173;173;689.34;565.468
Ja;f;Ja_3_f;0;173;173;173;708.561;452.274
Ja;f;Ja_3_f;0;173;173;173;823.891;106.286
Ja;f;Ja_3_f;0;173;173;173;527.025;294.23
Ja;f;Ja_3_f;0;173;173;173;462.953;383.931
Ja;f;Ja_3_f;0;173;173;173;418.102;531.296
Ja;f;Ja_3_f;0;173;173;173;394.609;646.625
Ja;f;Ja_3_f;0;173;173;173;319.859;751.276
Ja;f;Ja_3_f;0;173;173;173;319.859;913.591
Ja;f;Ja_3_f;0;173;173;173;292.095;1103.671
Ja;f;Ja_3_f;0;173;173;173;364.709;1265.986
Ja;f;Ja_3_f;0;173;173;173;465.088;1387.722
Ja;f;Ja_3_f;0;173;173;173;774.769;1404.808
Ja;f;Ja_3_f;0;173;173;173;958.441;1355.687
Ja;f;Ja_3_f;0;173;173;173;1039.599;1197.643
Ja;f;Ja_3_f;0;173;173;173;1082.313;1054.549
Ja;f;Ja_3_f;0;173;173;173;1071.635;836.705
Ja;f;Ja_3_f;0;173;173;173;1046.006;738.461
Ja;f;Ja_3_f;0;173;173;173;1071.635;629.539
Ja;f;Ja_3_f;0;173;173;173;1099.399;499.26
Ja;f;Ja_3_f;0;173;173;173;1054.549;334.809
Ja;m;Ja_3_m;0;173;173;173;1700.5;314.5
Ja;m;Ja_3_m;0;170;170;170;1676.5;485.5
Ja;m;Ja_3_m;0;173;173;173;1658.5;578.5
Ja;m;Ja_3_m;0;173;173;173;1652.5;668.5
Ja;m;Ja_3_m;0;173;173;173;1643.5;722.5
Ja;m;Ja_3_m;0;173;173;173;1631.5;809.5
Ja;m;Ja_3_m;0;173;173;173;1625.5;878.5
Ja;m;Ja_3_m;0;173;173;173;1616.5;932.5
Ja;m;Ja_3_m;0;173;173;173;1619.5;986.5
Ja;m;Ja_3_m;0;173;173;173;1574.5;1307.5
Ja;m;Ja_3_m;0;173;173;173;1394.5;1085.5
Ja;m;Ja_3_m;0;173;173;173;1382.5;977.5
Ja;m;Ja_3_m;0;173;173;173;1397.5;893.5
Ja;m;Ja_3_m;0;173;173;173;1391.5;830.5
Ja;m;Ja_3_m;0;173;173;173;1400.5;749.5
Ja;m;Ja_3_m;0;173;173;173;1409.5;671.5
Ja;m;Ja_3_m;0;173;173;173;1436.5;599.5
Ja;m;Ja_3_m;0;173;173;173;1469.5;494.5
Ja;m;Ja_3_m;0;173;173;173;1556.5;422.5
Ja;m;Ja_3_m;0;173;173;173;1805.5;455.5
Ja;m;Ja_3_m;0;173;173;173;1865.5;539.5
Ja;m;Ja_3_m;0;173;173;173;1871.5;662.5
Ja;m;Ja_3_m;0;173;173;173;1862.5;746.5
Ja;m;Ja_3_m;0;173;173;173;1844.5;812.5
Ja;m;Ja_3_m;0;173;173;173;1853.5;872.5
Ja;m;Ja_3_m;0;173;173;173;1841.5;953.5
Ja;m;Ja_3_m;0;173;173;173;1835.5;1052.5
Ja;m;Ja_3_m;0;173;173;173;1799.5;1142.5
Ja;f;Ja_4_f;0;173;173;173;855;1539
Ja;f;Ja_4_f;0;173;173;173;860.5;1361.5
Ja;f;Ja_4_f;0;173;173;173;854.5;1220.5
Ja;f;Ja_4_f;0;173;173;173;863.5;1076.5
Ja;f;Ja_4_f;0;173;173;173;866.5;938.5
Ja;f;Ja_4_f;0;173;173;173;869.5;803.5
Ja;f;Ja_4_f;0;173;173;173;878.5;740.5
Ja;f;Ja_4_f;0;173;173;173;881.5;632.5
Ja;f;Ja_4_f;0;173;173;173;878.5;530.5
Ja;f;Ja_4_f;0;173;173;173;905.5;107.5
Ja;f;Ja_4_f;0;173;173;173;596.5;383.5
Ja;f;Ja_4_f;0;173;173;173;557.5;479.5
Ja;f;Ja_4_f;0;173;173;173;608.5;668.5
Ja;f;Ja_4_f;0;173;173;173;575.5;746.5
Ja;f;Ja_4_f;0;173;173;173;524.5;872.5
Ja;f;Ja_4_f;0;173;173;173;518.5;1052.5
Ja;f;Ja_4_f;0;173;173;173;542.5;1226.5
Ja;f;Ja_4_f;0;173;173;173;599.5;1412.5
Ja;f;Ja_4_f;0;173;173;173;683.5;1472.5
Ja;f;Ja_4_f;0;173;173;173;1013.5;1478.5
Ja;f;Ja_4_f;0;173;173;173;1136.5;1385.5
Ja;f;Ja_4_f;0;173;173;173;1226.5;1217.5
Ja;f;Ja_4_f;0;173;173;173;1244.5;1067.5
Ja;f;Ja_4_f;0;173;173;173;1256.5;875.5
Ja;f;Ja_4_f;0;173;173;173;1223.5;746.5
Ja;f;Ja_4_f;0;173;173;173;1220.5;617.5
Ja;f;Ja_4_f;0;173;173;173;1202.5;488.5
Ja;f;Ja_4_f;0;173;173;173;1169.5;377.5
Ja;m;Ja_4_m;0;173;173;173;1632;675
Ja;m;Ja_4_m;0;170;170;170;1664.5;809.5
Ja;m;Ja_4_m;0;173;173;173;1697.5;884.5
Ja;m;Ja_4_m;0;173;173;173;1712.5;965.5
Ja;m;Ja_4_m;0;173;173;173;1727.5;1034.5
Ja;m;Ja_4_m;0;173;173;173;1736.5;1097.5
Ja;m;Ja_4_m;0;173;173;173;1745.5;1148.5
Ja;m;Ja_4_m;0;173;173;173;1748.5;1193.5
Ja;m;Ja_4_m;0;173;173;173;1760.5;1247.5
Ja;m;Ja_4_m;0;173;173;173;1865.5;1556.5
Ja;m;Ja_4_m;0;173;173;173;1571.5;1373.5
Ja;m;Ja_4_m;0;173;173;173;1526.5;1316.5
Ja;m;Ja_4_m;0;173;173;173;1508.5;1229.5
Ja;m;Ja_4_m;0;173;173;173;1508.5;1151.5
Ja;m;Ja_4_m;0;173;173;173;1493.5;1088.5
Ja;m;Ja_4_m;0;173;173;173;1496.5;1040.5
Ja;m;Ja_4_m;0;173;173;173;1490.5;947.5
Ja;m;Ja_4_m;0;173;173;173;1493.5;872.5
Ja;m;Ja_4_m;0;173;173;173;1538.5;779.5
Ja;m;Ja_4_m;0;173;173;173;1787.5;728.5
Ja;m;Ja_4_m;0;173;173;173;1886.5;797.5
Ja;m;Ja_4_m;0;173;173;173;1907.5;857.5
Ja;m;Ja_4_m;0;173;173;173;1943.5;932.5
Ja;m;Ja_4_m;0;173;173;173;1952.5;980.5
Ja;m;Ja_4_m;0;173;173;173;1973.5;1052.5
Ja;m;Ja_4_m;0;173;173;173;1991.5;1133.5
Ja;m;Ja_4_m;0;173;173;173;2000.5;1208.5
Ja;m;Ja_4_m;0;173;173;173;1994.5;1277.5
Ja;f;Ja_5_f;0;173;173;173;509.5;1382.5
Ja;f;Ja_5_f;0;173;173;173;623.5;1196.5
Ja;f;Ja_5_f;0;173;173;173;638.5;1076.5
Ja;f;Ja_5_f;0;173;173;173;659.5;956.5
Ja;f;Ja_5_f;0;173;173;173;689.5;845.5
Ja;f;Ja_5_f;0;173;173;173;701.5;737.5
Ja;f;Ja_5_f;0;173;173;173;713.5;644.5
Ja;f;Ja_5_f;0;173;173;173;725.5;536.5
Ja;f;Ja_5_f;0;173;173;173;746.5;470.5
Ja;f;Ja_5_f;0;173;173;173;761.5;110.5
Ja;f;Ja_5_f;0;173;173;173;485.5;314.5
Ja;f;Ja_5_f;0;173;173;173;431.5;428.5
Ja;f;Ja_5_f;0;173;173;173;401.5;545.5
Ja;f;Ja_5_f;0;173;173;173;386.5;662.5
Ja;f;Ja_5_f;0;173;173;173;329.5;785.5
Ja;f;Ja_5_f;0;173;173;173;374.5;902.5
Ja;f;Ja_5_f;0;173;173;173;311.5;1031.5
Ja;f;Ja_5_f;0;173;173;173;332.5;1172.5
Ja;f;Ja_5_f;0;173;173;173;398.5;1274.5
Ja;f;Ja_5_f;0;173;173;173;683.5;1385.5
Ja;f;Ja_5_f;0;173;173;173;821.5;1298.5
Ja;f;Ja_5_f;0;173;173;173;887.5;1169.5
Ja;f;Ja_5_f;0;173;173;173;986.5;1052.5
Ja;f;Ja_5_f;0;173;173;173;983.5;881.5
Ja;f;Ja_5_f;0;173;173;173;998.5;740.5
Ja;f;Ja_5_f;0;173;173;173;1007.5;638.5
Ja;f;Ja_5_f;0;173;173;173;998.5;518.5
Ja;f;Ja_5_f;0;173;173;173;983.5;389.5
Ja;m;Ja_5_m;0;173;173;173;1793.5;383.5
Ja;m;Ja_5_m;0;170;170;170;1784.5;506.5
Ja;m;Ja_5_m;0;173;173;173;1778.5;566.5
Ja;m;Ja_5_m;0;173;173;173;1778.5;629.5
Ja;m;Ja_5_m;0;173;173;173;1772.5;701.5
Ja;m;Ja_5_m;0;173;173;173;1766.5;761.5
Ja;m;Ja_5_m;0;173;173;173;1763.5;818.5
Ja;m;Ja_5_m;0;173;173;173;1757.5;875.5
Ja;m;Ja_5_m;0;173;173;173;1751.5;947.5
Ja;m;Ja_5_m;0;173;173;173;1670.5;1265.5
Ja;m;Ja_5_m;0;173;173;173;1484.5;1040.5
Ja;m;Ja_5_m;0;173;173;173;1487.5;986.5
Ja;m;Ja_5_m;0;173;173;173;1514.5;890.5
Ja;m;Ja_5_m;0;173;173;173;1517.5;800.5
Ja;m;Ja_5_m;0;173;173;173;1517.5;740.5
Ja;m;Ja_5_m;0;173;173;173;1523.5;689.5
Ja;m;Ja_5_m;0;173;173;173;1529.5;605.5
Ja;m;Ja_5_m;0;173;173;173;1565.5;530.5
Ja;m;Ja_5_m;0;173;173;173;1643.5;458.5
Ja;m;Ja_5_m;0;173;173;173;1895.5;485.5
Ja;m;Ja_5_m;0;173;173;173;1943.5;566.5
Ja;m;Ja_5_m;0;173;173;173;1952.5;647.5
Ja;m;Ja_5_m;0;173;173;173;1952.5;719.5
Ja;m;Ja_5_m;0;173;173;173;1955.5;788.5
Ja;m;Ja_5_m;0;173;173;173;1952.5;857.5
Ja;m;Ja_5_m;0;173;173;173;1934.5;956.5
Ja;m;Ja_5_m;0;173;173;173;1934.5;1049.5
Ja;m;Ja_5_m;0;173;173;173;1898.5;1100.5
